{
  "Author": "Yoru Shokohime",
  "Name": "Candy Coat",
  "InternalName": "CandyCoat",
  "AssemblyVersion": "0.8.0.0",
  "Description": "Private venue assistant for Sugar.",
  "ApplicableVersion": "any",
  "Tags": [
    "candy",
    "venue",
    "bookings",
    "private"
  ],
  "DalamudApiLevel": 14,
  "LoadRequiredState": 0,
  "LoadSync": false,
  "CanUnloadAsync": false,
  "LoadPriority": 0,
  "Punchline": "Private venue assistant with role-based toolboxes for Sugar.",
  "AcceptsFeedback": true
}